{
    "metrics": {
        "iterations": {
            "count": 28,
            "rate": 0.9953499914515432
        },
        "http_req_duration": {
            "p(95)": 1615.5356000000002,
            "avg": 222.92572500000006,
            "min": 0.5121,
            "med": 10.11655,
            "max": 4041.6523,
            "p(90)": 260.55420000000004
        },
        "vus": {
            "value": 3,
            "min": 3,
            "max": 18
        },
        "data_sent": {
            "rate": 1698.0670854163327,
            "count": 47768
        },
        "vus_max": {
            "value": 18,
            "min": 18,
            "max": 18
        },
        "http_req_failed": {
            "passes": 90,
            "fails": 246,
            "value": 0.26785714285714285
        },
        "iteration_duration": {
            "p(95)": 15368.67478,
            "avg": 12328.871800000003,
            "min": 0,
            "med": 13518.0164,
            "max": 15691.935,
            "p(90)": 14898.64892
        },
        "http_req_blocked": {
            "max": 2.991,
            "p(90)": 0,
            "p(95)": 0.5186499999999999,
            "avg": 0.05552321428571429,
            "min": 0,
            "med": 0
        },
        "data_received": {
            "count": 136314,
            "rate": 4845.719240525917
        },
        "http_reqs": {
            "count": 336,
            "rate": 11.94419989741852
        },
        "http_req_sending": {
            "p(90)": 0,
            "p(95)": 0.5147,
            "avg": 0.047657440476190485,
            "min": 0,
            "med": 0,
            "max": 1.0372
        },
        "http_req_tls_handshaking": {
            "avg": 0,
            "min": 0,
            "med": 0,
            "max": 0,
            "p(90)": 0,
            "p(95)": 0
        },
        "http_req_duration{expected_response:true}": {
            "med": 3.9769,
            "max": 3401.8736,
            "p(90)": 105.67015,
            "p(95)": 1109.6661749999998,
            "avg": 149.82170365853653,
            "min": 0.5121
        },
        "http_req_connecting": {
            "avg": 0.03287202380952381,
            "min": 0,
            "med": 0,
            "max": 1.5569,
            "p(90)": 0,
            "p(95)": 0
        },
        "http_req_waiting": {
            "min": 0.5089,
            "med": 9.7947,
            "max": 4040.8582,
            "p(90)": 260.06215,
            "p(95)": 1615.5356000000002,
            "avg": 222.64338392857158
        },
        "http_req_receiving": {
            "avg": 0.2346836309523811,
            "min": 0,
            "med": 0,
            "max": 14.5678,
            "p(90)": 0.92675,
            "p(95)": 0.9979750000000001
        }
    },
    "root_group": {
        "name": "",
        "path": "",
        "id": "d41d8cd98f00b204e9800998ecf8427e",
        "groups": {
            "setup": {
                "path": "::setup",
                "id": "5c0f8025f7e0b6654089e5b00e950f1a",
                "groups": {},
                "checks": {},
                "name": "setup"
            }
        },
        "checks": {}
    }
}